protospacer,real_pam_seq,count,name
p1,CACAAACGAC,2766,10A
p1,CACAACCGAC,3,10A
p1,CACAAGACGA,24,10A
p1,CACAAGCGAC,6,10A
p1,CGCAAACGAC,6,10A
p1,wt,796,10A
p2,GCGACCGTAC,2,10A
p2,GCTAACGTAC,12,10A
p2,GCTACCATAC,6,10A
p2,GCTACCGTAC,821,10A
p3,CGGGGAAATC,603,10A
p3,CGGGGATCTG,1,10A
p3,CGGTGAAATC,3,10A
p4,GGTGGGGCCC,8,10A
p4,wt,800,10A
p7,CACAGTTTTT,4,10A
p7,CACATAGTTT,1244,10A
p7,CACATGAGTT,2,10A
p7,CACATGATTT,3,10A
p7,CACATGGTTT,26,10A
p7,CACATGTTTG,40,10A
p7,CACATGTTTT,27,10A
p7,CACATTGTTT,3,10A
p7,CACATTTTTG,47,10A
p7,CACATTTTTT,35,10A
p7,CACGTTTTTG,6,10A
p7,CATAGTTTTT,17,10A
p7,CTCATAGTTT,3,10A
p7,wt,1508,10A
p1,CACAAACGAC,3042,10B
p1,CACAAACGAT,3,10B
p1,CACAACCGAC,3,10B
p1,CACAAGACGA,6,10B
p1,CACAAGCGAC,12,10B
p1,wt,591,10B
p2,GATACCGTAC,6,10B
p2,GCTACCGTAC,748,10B
p2,GCTCCCGTAC,3,10B
p2,wt,6,10B
p3,AGGGGAAATC,9,10B
p3,CGAGGAAATC,3,10B
p3,CGGGGAAATC,606,10B
p3,CGGGGATCTG,2,10B
p3,CGGGGGAATC,2,10B
p4,GGTGGTGCCC,239,10B
p4,wt,554,10B
p7,CACAGTTTTT,6,10B
p7,CACATAGTTT,165,10B
p7,CACATCGTTT,3,10B
p7,CACATGGTTT,47,10B
p7,CACATGTTTG,20,10B
p7,CACATGTTTT,67,10B
p7,CACATTGTTT,12,10B
p7,CACATTTTTG,72,10B
p7,CACATTTTTT,27,10B
p7,CACGTTTTTG,16,10B
p7,CATAGTTTTT,4,10B
p7,wt,2573,10B
p1,CACAAACGAC,5,11A
p1,CACAAGACGA,2185,11A
p1,CACAAGGCGA,3,11A
p1,CACAAGTCGA,3,11A
p1,CACAATACGA,3,11A
p1,CACATGACGA,3,11A
p1,CATAAGACGA,3,11A
p1,CCCAAGACGA,1,11A
p1,wt,51,11A
p2,GTACGTACGG,537,11A
p2,wt,6,11A
p3,CGGGGAAATC,6,11A
p3,wt,4,11A
p4,GGTGGCCCGG,3,11A
p4,wt,4,11A
p5,CGCGACGCGG,6,11A
p6,CACAGTTGCG,19,11A
p6,CCCACAGTTG,1,11A
p6,TCCACAGTTG,31,11A
p7,CACAGGGTTT,3,11A
p7,CACATGGCTT,6,11A
p7,CACATGGTTT,4748,11A
p7,CACATGTTTT,3,11A
p7,CACATTGTTT,6,11A
p7,CACCTGGTTT,14,11A
p7,CGCATGGTTT,3,11A
p7,wt,3,11A
p1,AACAAGACGA,3,11B
p1,CACAAGACAA,6,11B
p1,CACAAGACGA,1845,11B
p1,CACAAGACGG,3,11B
p1,CACAAGGCGA,3,11B
p1,CACCAGACGA,2,11B
p2,GTACGTACGG,410,11B
p2,wt,15,11B
p4,GGTGGCCCGG,3,11B
p6,CACAGTTGCG,19,11B
p6,CCCACAGTTG,1,11B
p6,CCCACTTGCG,8,11B
p6,TCCACAGTTG,64,11B
p7,CACAAGGTTT,3,11B
p7,CACACGGTTT,3,11B
p7,CACATGGTTA,3,11B
p7,CACATGGTTT,5387,11B
p7,CACATTGTTT,6,11B
p7,CACCTGGTTT,8,11B
p7,CATATGGTTT,3,11B
p1,CACAACGACG,2,13A
p1,CACAAGACGA,9,13A
p1,wt,2585,13A
p2,GCTACTGTAC,12,13A
p2,wt,1595,13A
p3,CGGGGAAATC,17,13A
p3,CGGGGGGAAT,3,13A
p3,CGGGGTAATC,685,13A
p3,CGGGGTGATC,3,13A
p3,TGGGGTAATC,3,13A
p3,wt,718,13A
p4,wt,1729,13A
p5,CGCGACGCGG,18,13A
p6,CCCACTAGCG,3,13A
p6,CCCACTTGCG,1502,13A
p6,CCCACTTTCG,3,13A
p6,wt,12,13A
p7,CACATGGTTT,42,13A
p7,CACATGTTTT,9,13A
p7,wt,3122,13A
p1,CACAAACGAC,4,13B
p1,wt,2401,13B
p2,wt,1651,13B
p3,CGGGGAAATC,6,13B
p3,CGGGGTAATC,761,13B
p3,CGGTGTAATC,4,13B
p3,wt,725,13B
p4,wt,1633,13B
p6,CCCACTCGCG,6,13B
p6,CCCACTTGCA,3,13B
p6,CCCACTTGCG,1375,13B
p6,CCCACTTGTG,6,13B
p6,TCCACAGTTG,2,13B
p7,CACATGGTTT,15,13B
p7,CACATTTTTG,8,13B
p7,wt,2916,13B
p1,AACAAGACGA,3,14A
p1,CACAAACGAC,3,14A
p1,CACAAGACGA,1083,14A
p1,CACAATACGA,1,14A
p1,CACTAGACGA,3,14A
p1,CCCAAGACGA,3,14A
p1,wt,24,14A
p2,ACTACTGTAC,1,14A
p2,GCCACTGTAC,4,14A
p2,GCCGTACGGC,459,14A
p2,GCTACCGTAC,3,14A
p2,GCTACTGTAC,649,14A
p2,GTACGTACGG,1,14A
p3,CAGGGAAATC,3,14A
p3,CGGGGAAATC,586,14A
p3,CGGGGACATC,3,14A
p3,CGGTGAAATC,1,14A
p3,TGGGGAAATC,3,14A
p4,GGTGGCCCGG,6,14A
p4,wt,2034,14A
p5,CGCGACGCGG,3,14A
p6,wt,3,14A
p7,CACATGGTTT,15,14A
p7,CACATGTTTT,1,14A
p7,CACATTTTTG,10,14A
p7,TACAGTTTTT,1,14A
p7,wt,3,14A
p1,CACAAACGAC,30,14B
p1,CACAAGACAA,3,14B
p1,CACAAGACGA,1385,14B
p1,CACAATCGAC,12,14B
p2,GCCGTACGGC,458,14B
p2,GCGACTGTAC,3,14B
p2,GCTACTGTAC,705,14B
p2,wt,6,14B
p3,CGGGGAAATC,560,14B
p4,wt,2080,14B
p7,CACATGGTTT,15,14B
p1,CACAAACGAC,2054,15D
p1,CACAAACGAT,3,15D
p1,CACAACCGAC,3,15D
p1,CACAAGCGAC,57,15D
p1,CACAATCGAC,469,15D
p1,CACACACGAC,3,15D
p1,CACACTCGAC,2,15D
p1,CACTAACGAC,2,15D
p1,wt,41,15D
p2,GCTACCGTAC,3,15D
p3,CGAGGAAATC,3,15D
p3,CGGGGAAATC,1463,15D
p3,CGGGGGAATC,4,15D
p4,GGTGGCCCGG,6,15D
p4,wt,9,15D
p7,wt,3,15D
p1,CACAAACGAC,868,16A
p1,CACAAGACGA,24,16A
p1,CACAATCGAC,1267,16A
p1,CACACGACGA,3,16A
p1,CACACTCGAC,3,16A
p1,CACCATCGAC,3,16A
p1,CACTATCGAC,3,16A
p1,wt,427,16A
p2,GCTGTCGTAC,23,16A
p2,wt,3,16A
p3,CAGGGAAATC,4,16A
p3,CGGGGAAATA,5,16A
p3,CGGGGAAATC,568,16A
p3,CGGGGGAATC,4,16A
p3,CGGGGGGAAT,642,16A
p3,CGGTGAAATC,20,16A
p3,CGTGGAAATC,22,16A
p3,CGTGGGGAAT,3,16A
p3,GGGGGGAATC,38,16A
p4,GGTGCCCGGC,10,16A
p4,GGTGGAGCCC,3,16A
p4,GGTGGCCCGG,12,16A
p4,GGTGGGGCCC,69,16A
p4,GGTGGTGCCC,54,16A
p4,GGTTGGGCCC,3,16A
p4,GTGGTCCCGG,1,16A
p4,wt,773,16A
p5,CGCACGCGGA,450,16A
p6,CACACTTGCG,3,16A
p6,CCAACTTGCG,2,16A
p6,CCCACTTGCG,547,16A
p7,CACATGTTTT,19,16A
p7,wt,2,16A
p1,CACAAACGAC,3,16B
p1,CACAATCGAC,1220,16B
p1,CACACTCGAC,6,16B
p1,wt,12,16B
p2,GTACGTACGG,1,16B
p2,wt,4,16B
p3,CGAGGAAATC,3,16B
p3,CGGAGAAATC,7,16B
p3,CGGGGAAATC,711,16B
p3,CGGGGCAATC,1,16B
p3,CGTGGAAATC,3,16B
p4,GATGGTGCCC,1,16B
p4,GGTGGAGCCC,3,16B
p4,GGTGGCCCGG,10,16B
p4,GGTGGGGCCC,66,16B
p4,GGTGGTGCCC,16,16B
p4,wt,819,16B
p5,CGCACGCGGA,413,16B
p5,CGCGACGCGG,6,16B
p6,CACACTTGCG,1,16B
p6,CCCACGTGCG,3,16B
p6,CCCACTTGCG,502,16B
p7,CACATGGTTT,39,16B
p7,TACAGTTTTT,2,16B
p7,wt,3,16B
p1,CACAAACGAC,1146,17A
p1,CACAAACGCC,3,17A
p1,CACAAGACGA,24,17A
p1,CACAATCGAC,9,17A
p1,wt,1902,17A
p4,GGTGCCCGGC,4,17A
p4,GGTGGCCCGG,3,17A
p4,GGTGGTGCCC,15,17A
p4,wt,794,17A
p7,CACATCGTTT,15,17A
p7,CACATGGTTT,23,17A
p7,CACATGTTTG,3,17A
p7,CACATTGTTT,3,17A
p7,CACATTTTTG,45,17A
p7,CACATTTTTT,18,17A
p7,wt,2041,17A
p1,CACAAACGAA,3,17B
p1,CACAAACGAC,1262,17B
p1,CACAAGACGA,12,17B
p1,CACAAGCGAC,3,17B
p1,CACAATCGAC,18,17B
p1,CACACACGAC,3,17B
p1,CACACGACGA,1,17B
p1,wt,2123,17B
p4,GGTGCCCGGC,2,17B
p4,wt,788,17B
p7,CACATAGTTT,13,17B
p7,CACATGGTTT,30,17B
p7,CACATGTTTG,13,17B
p7,CACATGTTTT,12,17B
p7,CACATTGTTT,26,17B
p7,CACATTTTTG,51,17B
p7,CACATTTTTT,20,17B
p7,wt,1739,17B
p1,CACAAACGAC,85,18A
p1,CACAAGCGAC,3,18A
p1,CACAATCGAC,26,18A
p1,CACACTCGAC,1,18A
p1,wt,3532,18A
p2,GCTACTGTAC,40,18A
p2,wt,42,18A
p3,CGGGGAAATC,684,18A
p3,wt,15,18A
p4,wt,644,18A
p5,CGCGACGCGG,20,18A
p5,CGCGAGCGGA,904,18A
p6,CACAGTTGCG,1,18A
p6,CCCACTTGCG,9,18A
p6,TCCACAGTTG,1,18A
p6,wt,6,18A
p7,CACATGGTTT,78,18A
p7,CACATGTTTT,5,18A
p7,TACAGTTTTT,2,18A
p7,wt,19,18A
p1,CACAAACGAC,217,18B
p1,CACAACCGAC,1,18B
p1,CACAAGACGA,9,18B
p1,CACAATCGAC,364,18B
p1,wt,2300,18B
p2,GCTACCGTAC,53,18B
p2,GCTACTGTAC,684,18B
p2,GCTGCTGTAC,3,18B
p2,GTTACTGTAC,3,18B
p3,CAGGGATCTG,3,18B
p3,CCGGGATCTG,3,18B
p3,CGGGAATCTG,2,18B
p3,CGGGATCTGG,3,18B
p3,CGGGGAAATC,6,18B
p3,CGGGGATCTG,1173,18B
p3,CGGGTATCTG,6,18B
p3,wt,36,18B
p4,wt,691,18B
p1,CACAAACGAC,1337,19A
p1,CACAAGACGA,12,19A
p1,CACAATCGAC,51,19A
p1,CACACACGAC,6,19A
p1,CACACGACGA,3,19A
p1,CGCAAACGAC,3,19A
p1,CTCAAACGAC,3,19A
p1,wt,985,19A
p2,GATAGTACGG,1,19A
p2,GCTACCGTAC,30,19A
p2,GCTACTGTAC,3,19A
p2,GCTGTACGGC,61,19A
p2,wt,523,19A
p3,CGGGGCTCTG,498,19A
p4,GGTGGCCCGG,729,19A
p4,GGTGGCCCGT,3,19A
p4,wt,825,19A
p5,CGCGACGCGG,1,19A
p6,CACAGTTGCG,30,19A
p6,CCCACAGTTG,663,19A
p6,CCCATAGTTG,3,19A
p6,CTCACAGTTG,2,19A
p6,TCCACAGTTG,6,19A
p7,CAAATGGTTT,3,19A
p7,CACATGGTTT,15,19A
p1,CACAAACGAC,106,19B
p1,CACAAACTAC,3,19B
p1,CACAAGACGA,12,19B
p1,CACAATCGAC,401,19B
p1,CACCATCGAC,2,19B
p1,wt,1878,19B
p2,GCTACCGTAC,80,19B
p2,GCTACTGTAC,669,19B
p3,CGGGAATCTG,3,19B
p3,CGGGGAAATC,10,19B
p3,CGGGGATCTG,1112,19B
p3,CGGGGGTCTG,3,19B
p3,CGGGGTAATC,6,19B
p3,wt,29,19B
p4,GGTGCCCGGC,2,19B
p4,GGTGGCGGCC,1,19B
p4,wt,458,19B
p1,CAAAAACGAC,2,1A_0.25rxn
p1,CACAAACGAA,3,1A_0.25rxn
p1,CACAAACGAC,3511,1A_0.25rxn
p1,CACAAACTAC,3,1A_0.25rxn
p1,CACAACCGAC,2,1A_0.25rxn
p1,CACAATCGAC,24,1A_0.25rxn
p1,CGCAAACGAC,3,1A_0.25rxn
p1,wt,544,1A_0.25rxn
p2,GCTACCGTAC,6,1A_0.25rxn
p2,GCTACTGTAC,2,1A_0.25rxn
p2,wt,589,1A_0.25rxn
p4,GGTGGCCCGG,2,1A_0.25rxn
p4,GGTGGTGCCC,8,1A_0.25rxn
p4,wt,686,1A_0.25rxn
p7,CACAGTTTTT,1,1A_0.25rxn
p7,CACATAGTTT,9,1A_0.25rxn
p7,CACATGGTTT,10,1A_0.25rxn
p7,CACATGTTTG,6,1A_0.25rxn
p7,CACATGTTTT,6,1A_0.25rxn
p7,CACATTGTGT,3,1A_0.25rxn
p7,CACATTGTTT,120,1A_0.25rxn
p7,CACATTTTTG,14,1A_0.25rxn
p7,CACATTTTTT,9,1A_0.25rxn
p7,TACAGTTTTT,67,1A_0.25rxn
p7,wt,835,1A_0.25rxn
p1,AACAAACGAC,6,1A
p1,CACAAACGAA,6,1A
p1,CACAAACGAC,3027,1A
p1,CACAAATCGA,4,1A
p1,CACAACCGAC,3,1A
p1,CACAATCGAC,3,1A
p1,CACACACGAC,3,1A
p1,CACAGACGAC,6,1A
p1,CAGACGACGA,1,1A
p1,CCCCAACGAC,1,1A
p1,TACAAACGAC,6,1A
p1,wt,444,1A
p2,GCTACCGTAC,6,1A
p2,wt,542,1A
p3,wt,3,1A
p4,GGTGGCCCGG,6,1A
p4,GGTGGTGCCC,4,1A
p4,wt,550,1A
p7,CACATAGTTT,18,1A
p7,CACATCGTTT,3,1A
p7,CACATGTTTT,6,1A
p7,CACATTGTTT,72,1A
p7,CACATTTTTG,15,1A
p7,CACATTTTTT,23,1A
p7,CATAGTTTTT,2,1A
p7,TACAGTTTTT,69,1A
p7,wt,809,1A
p1,CAAAAACGAC,5,1B
p1,CACAAAACGA,5,1B
p1,CACAAACAAC,6,1B
p1,CACAAACGAC,3231,1B
p1,CACAAACGAT,6,1B
p1,CACAAGCGAC,3,1B
p1,CACAATCGAC,322,1B
p1,CACACACGAC,1,1B
p1,CGCAAACGAC,6,1B
p1,TACAATCGAC,1,1B
p1,wt,511,1B
p2,GCTACCGTAC,10,1B
p2,GCTACTGTAC,6,1B
p2,GCTATACGGC,4,1B
p2,GTACGTACGG,2,1B
p2,wt,482,1B
p3,CGGGGAAATC,11,1B
p4,GGTGGCCCGG,4,1B
p4,GTGGGCCCGG,1,1B
p4,wt,717,1B
p7,CACAGTTTTT,9,1B
p7,CACATAGTTT,17,1B
p7,CACATGGTTT,74,1B
p7,CACATGTTTG,18,1B
p7,CACATGTTTT,21,1B
p7,CACATTTTTG,48,1B
p7,CACATTTTTT,29,1B
p7,TACAGTTTTT,76,1B
p7,wt,907,1B
p1,CACAAAACGA,6,20A
p1,CACAAACGAC,2181,20A
p1,CACAATCGAC,3,20A
p1,CACACTCGAC,3,20A
p1,wt,20,20A
p2,GCTACCGTAC,5,20A
p2,wt,9,20A
p3,CGGGGAAATC,3,20A
p3,wt,9,20A
p4,wt,21,20A
p5,CGCGACGCGG,6,20A
p6,wt,3,20A
p7,CACATGGTTT,11,20A
p7,wt,9,20A
p1,CACAAACGAA,3,20B
p1,CACAAACGAC,1849,20B
p1,CACAAACGAT,3,20B
p1,CACACACGAC,3,20B
p1,CACAGACGAC,3,20B
p1,CAGACGACGA,1,20B
p1,CTCAAACGAC,6,20B
p1,wt,3,20B
p2,wt,2,20B
p4,wt,3,20B
p7,CACATTTTTG,6,20B
p7,wt,3,20B
p1,CACAAACGAC,18,21A
p1,wt,33,21A
p4,AGTGGCCCGG,6,21A
p4,GGTGGCCCGG,1015,21A
p4,wt,21,21A
p6,TCCACAGTTG,2,21A
p7,CACATGGTTT,87,21A
p7,wt,77,21A
p2,GCTACTGTAC,3,21B
p4,GGTGGCCAGG,6,21B
p4,GGTGGCCCAG,5,21B
p4,GGTGGCCCGG,1172,21B
p4,GGTGGCCCTG,2,21B
p4,wt,3,21B
p1,CACAAACGAC,6,2A_0.25rxn
p1,CACAAGCGAC,3,2A_0.25rxn
p1,CACAATCGAC,3,2A_0.25rxn
p1,CACACTCGAC,2,2A_0.25rxn
p1,wt,2540,2A_0.25rxn
p2,wt,1413,2A_0.25rxn
p3,CGGGAATCTG,15,2A_0.25rxn
p3,CGGGGAAATC,3,2A_0.25rxn
p3,CGGGGATCTG,3,2A_0.25rxn
p3,wt,1537,2A_0.25rxn
p4,GGTGGAGCCC,2,2A_0.25rxn
p4,GGTGGCCCGG,3,2A_0.25rxn
p4,GGTGGGCCGG,2,2A_0.25rxn
p4,GGTGGTGCCC,3,2A_0.25rxn
p4,wt,1862,2A_0.25rxn
p6,wt,1336,2A_0.25rxn
p7,CACATGGTTT,6,2A_0.25rxn
p7,CACATGTTTT,3,2A_0.25rxn
p7,wt,2933,2A_0.25rxn
p1,wt,2586,2A
p2,wt,1462,2A
p3,CGGGGTAATC,3,2A
p3,wt,1458,2A
p4,wt,1653,2A
p6,wt,1317,2A
p7,CACATGTTTT,14,2A
p7,wt,2885,2A
p1,wt,3087,2B
p2,GCTACTGTAC,3,2B
p2,wt,1511,2B
p3,CGGGAATCTG,3,2B
p3,wt,1754,2B
p4,wt,1892,2B
p6,wt,1334,2B
p7,CACATGGTTT,12,2B
p7,wt,2800,2B
p1,CACAAACGAC,281,3A_0.25rxn
p1,CACAACCGAC,4,3A_0.25rxn
p1,CACAAGACGA,33,3A_0.25rxn
p1,CACAAGCGAC,3,3A_0.25rxn
p1,CACAATCGAC,45,3A_0.25rxn
p1,CACACGACGA,8,3A_0.25rxn
p1,wt,2314,3A_0.25rxn
p2,wt,3,3A_0.25rxn
p3,CGAGGAAATC,3,3A_0.25rxn
p3,CGGGGAAATC,1329,3A_0.25rxn
p3,CGGGGACATC,1,3A_0.25rxn
p3,CGGTGAAATC,2,3A_0.25rxn
p3,CGTGGAAATC,6,3A_0.25rxn
p4,GGTGGCCCGG,35,3A_0.25rxn
p4,GGTGGGGCCC,3,3A_0.25rxn
p4,GGTGGTGCCC,14,3A_0.25rxn
p4,wt,1535,3A_0.25rxn
p6,wt,2,3A_0.25rxn
p7,AACATGTTTT,3,3A_0.25rxn
p7,CACATATTTT,3,3A_0.25rxn
p7,CACATGGTTT,3,3A_0.25rxn
p7,CACATGTTTT,1273,3A_0.25rxn
p7,wt,70,3A_0.25rxn
p1,CACAAACGAC,206,3A
p1,CACAACCGAC,18,3A
p1,CACAAGACGA,48,3A
p1,CACAAGACTA,3,3A
p1,CACAAGCGAC,13,3A
p1,CACAATCGAC,42,3A
p1,CACACGACGA,3,3A
p1,CACGAACGAC,6,3A
p1,wt,2097,3A
p2,GTACGTACGG,1,3A
p3,CGAGGAAATC,6,3A
p3,CGGGAAAATC,3,3A
p3,CGGGGAAATA,6,3A
p3,CGGGGAAATC,1187,3A
p3,CGTGGAAATC,9,3A
p3,CTGGGAAATC,6,3A
p4,GGTGGCCCGG,12,3A
p4,GGTGGGGCCC,2,3A
p4,GGTGGTGCCC,1,3A
p4,wt,1540,3A
p7,AACATGTTTT,3,3A
p7,CACATGTTTT,1139,3A
p7,CATATGTTTT,3,3A
p7,wt,57,3A
p1,CACAAACAAC,3,3B
p1,CACAAACGAC,212,3B
p1,CACAAGACGA,51,3B
p1,CACAAGCGAC,6,3B
p1,CACAATCGAC,58,3B
p1,CACACGACGA,6,3B
p1,wt,2062,3B
p3,CGAGGAAATC,5,3B
p3,CGGGAAAATC,3,3B
p3,CGGGGAAATC,1465,3B
p3,CGGGGACATC,3,3B
p3,CTGGGAAATC,1,3B
p3,wt,3,3B
p4,GGTGGCCCGG,8,3B
p4,GGTGGGCCCG,4,3B
p4,wt,1749,3B
p6,CCCACTTGCG,3,3B
p7,AACATGTTTT,3,3B
p7,CACATGGTTT,21,3B
p7,CACATGTTTT,1451,3B
p7,CATATGTTTT,3,3B
p7,wt,68,3B
p1,AACAAGCGAC,5,4B
p1,CACAAACGAC,33,4B
p1,CACAAGACGA,6,4B
p1,CACAAGCGAC,1238,4B
p1,CACAATCGAC,817,4B
p1,wt,619,4B
p2,GCACGTACGG,4,4B
p2,GCTACCGTAC,3,4B
p2,GCTACTGTAC,3,4B
p2,GCTAGTACGG,14,4B
p2,TCTACCGTAC,2,4B
p2,wt,1592,4B
p3,CGGGAAAATC,15,4B
p3,CGGGGAAATC,1436,4B
p3,TGGGGAAATC,3,4B
p3,wt,83,4B
p4,GGTGCCCGGC,2,4B
p4,GGTGGAGCCC,10,4B
p4,GGTGGCCGGC,18,4B
p4,GGTGGGGCCC,9,4B
p4,wt,2086,4B
p5,CGCGACGCGG,1,4B
p5,CGCGATACGA,7,4B
p5,CGCGATACGC,743,4B
p5,CGCGATATGC,6,4B
p5,CTCGATACGC,6,4B
p5,TGCGATACGC,6,4B
p6,CCCACTAGCG,3,4B
p6,CCCACTTACG,9,4B
p6,CCCACTTGCG,758,4B
p7,CACATGGTTT,14,4B
p7,wt,3,4B
p1,CACAAACGAC,1031,4C
p1,CACAAGACGA,87,4C
p1,CACAAGCGAC,12,4C
p1,CACACACGAC,2,4C
p1,CACACGACGA,3,4C
p1,CACCGACGAC,3,4C
p1,CCCACACGAC,1,4C
p1,wt,1178,4C
p2,ACTACTGTAC,2,4C
p2,GCTACCATAC,3,4C
p2,GCTACCGTAC,505,4C
p2,GCTACTGTAC,296,4C
p2,GCTAGTACGG,24,4C
p2,wt,489,4C
p3,CGGGGAAATA,3,4C
p3,CGGGGAAATC,245,4C
p3,CGGGGATCTG,77,4C
p3,CGGGGCAATC,1,4C
p3,CGGGGGAATC,5,4C
p3,CGGGGTAATC,19,4C
p3,CGGGGTCTGG,13,4C
p3,CTGGGAAATC,1,4C
p3,wt,720,4C
p4,GGTGGAAGCC,12,4C
p4,GGTGGCGCCC,4,4C
p4,wt,514,4C
p5,CGCGACGCGG,3,4C
p5,CGCGATACAC,2,4C
p5,CGCGATACGC,648,4C
p5,CGCGGTACGC,3,4C
p6,CCCACTTGCG,595,4C
p6,CCCACTTTCG,3,4C
p7,wt,3,4C
p1,CACAAACGAC,585,5A
p1,CACAAACTAC,6,5A
p1,CACAAGACGA,1528,5A
p1,CACAAGCCGA,2,5A
p1,CACACACGAC,1,5A
p1,CACACACGCC,3,5A
p1,wt,619,5A
p2,GCTACTGTAC,3,5A
p2,GCTAGTACGG,25,5A
p2,GCTGTACGGC,227,5A
p2,wt,357,5A
p3,AGGGGAAATC,12,5A
p3,CGGGGAAATC,629,5A
p3,TGGGGAAATC,12,5A
p3,wt,1,5A
p4,GGTGGAGCCC,64,5A
p4,GGTGGCCCGG,9,5A
p4,GGTGGGGCCC,3,5A
p4,wt,1443,5A
p6,CCCACTTGCG,2,5A
p7,CACATGTTTT,5,5A
p7,wt,4,5A
p1,AACAAACGAC,6,5B
p1,CAAAATCGAC,3,5B
p1,CACAAACGAC,1945,5B
p1,CACAACCGAC,3,5B
p1,CACAAGACGA,6,5B
p1,CACAATCGAC,1268,5B
p1,CACACACGAC,1,5B
p1,CACACTCGAC,6,5B
p1,CACTCGACGA,1,5B
p1,wt,21,5B
p2,GCCGTACGGC,1,5B
p2,GCTACCGTAC,3,5B
p2,GCTACTGTAC,1,5B
p2,GCTCGTACGG,3,5B
p2,wt,694,5B
p3,CGGGGAAATC,6,5B
p3,CGGGGATCCG,2,5B
p3,CGGGGATCTG,425,5B
p3,wt,9,5B
p4,GGTGGCCCGG,3,5B
p4,GGTGGGCCCG,1,5B
p4,GGTGGGGCCC,4,5B
p4,wt,1253,5B
p6,wt,6,5B
p7,wt,18,5B
p1,CAAAACCGAC,2,6A
p1,CACAAACGAC,9,6A
p1,CACAAGACGA,6,6A
p1,wt,12,6A
p2,GCGACTGTAC,1,6A
p2,GCTACTGTAC,1476,6A
p2,GCTGTACGGC,5,6A
p3,CGAGGAAATC,6,6A
p3,CGGGGAAATC,1384,6A
p3,CGGTGAAATC,6,6A
p4,GGTGGAGCCC,3,6A
p4,GGTGGCCCGG,30,6A
p4,GGTGGGGCCC,2,6A
p4,GGTGGTGCCC,3,6A
p4,GGTGTTGCCC,3,6A
p4,wt,1279,6A
p5,CGCGAAGCGG,18,6A
p7,CACATAGTTT,3,6A
p7,CACATGGTTT,15,6A
p7,wt,3,6A
p1,CACAAACGAC,6,6B
p1,wt,3,6B
p2,GCTACTGCAC,6,6B
p2,GCTACTGTAC,1248,6B
p2,GCTACTGTAT,5,6B
p2,GCTGTCGTAC,1,6B
p3,CGGGGAAATC,1351,6B
p3,wt,4,6B
p4,GGTGGAGCCC,4,6B
p4,GGTGGCCCGG,16,6B
p4,GGTGGGGCCC,8,6B
p4,GGTGGTGCCC,12,6B
p4,wt,1296,6B
p7,CACATGGTTT,6,6B
p7,wt,6,6B
p1,CACAAAACGA,12,7A
p1,CACAAACGAC,162,7A
p1,CACAAGACGA,59,7A
p1,CACAAGCGAC,35,7A
p1,CACAATCGAC,3,7A
p1,CACACGACGA,3,7A
p1,wt,2498,7A
p2,wt,27,7A
p3,CGGGGAAATC,722,7A
p3,CGGGGAGATC,3,7A
p3,CGGGGTAATC,9,7A
p3,CGTGGAAATC,3,7A
p3,TGGGGAAATC,12,7A
p3,wt,12,7A
p4,GGTGCCCGGC,6,7A
p4,TGTGGTGCCC,2,7A
p4,wt,1594,7A
p5,CGCAACGCGG,5,7A
p5,CGCGACGCGG,656,7A
p5,CGCGAGATGC,1,7A
p5,CGCGGCGCGG,3,7A
p5,TGCGACGCGG,2,7A
p6,CCCACTTGCG,7,7A
p7,CACATAGTTT,30,7A
p7,CACATGGTTT,63,7A
p7,CACATGTTTG,21,7A
p7,CACATGTTTT,17,7A
p7,CACATTGTTT,11,7A
p7,CACATTTTTG,15,7A
p7,CACATTTTTT,4,7A
p7,wt,914,7A
p1,CACAAACGAC,36,7B
p1,CACAAGACGA,3,7B
p1,CACAATCGAC,4,7B
p1,wt,21,7B
p2,GCCGTACGGC,374,7B
p2,GCTACACGGC,3,7B
p2,GCTACTGTAC,6,7B
p2,wt,845,7B
p3,CGGGAATCTG,4,7B
p3,CGGGGAAATC,119,7B
p3,CGGGGATCTG,551,7B
p3,CGGGGCTCTG,15,7B
p3,CGGGGGAATC,5,7B
p3,CGGGGGTCTG,10,7B
p3,CGGGGTAATC,9,7B
p3,CGGGGTCTGG,17,7B
p3,wt,564,7B
p4,GGTGGAGCCA,6,7B
p4,GGTGGAGCCC,12,7B
p4,GGTGGCCCGG,9,7B
p4,GGTGGGGCCC,2,7B
p4,GGTGGTCCGG,1,7B
p4,wt,1434,7B
p5,AGCGACGCGG,3,7B
p5,CGCGAAGCGG,4,7B
p5,CGCGACACGG,3,7B
p5,CGCGACGAGG,4,7B
p5,CGCGACGCAG,2,7B
p5,CGCGACGCGG,1275,7B
p5,CGCGACGCTG,3,7B
p5,CTCGACGCGG,3,7B
p5,TGCGACGCGG,3,7B
p6,CCCACTTGCG,3,7B
p6,TCCACAGTTG,1,7B
p7,CACATAGTTT,24,7B
p7,CACATGGTTT,165,7B
p7,CACATGTGTT,10,7B
p7,CACATGTTTG,18,7B
p7,CACATGTTTT,76,7B
p7,CACATTTTTG,56,7B
p7,CACATTTTTT,36,7B
p7,CATAGTTTTT,1,7B
p7,wt,1865,7B
p1,CACAAGACGA,1625,8A
p1,CACCAGACGA,2,8A
p1,wt,44,8A
p2,GCTACCCTAC,3,8A
p2,GCTACCGTAC,1629,8A
p2,GCTTCCGTAC,3,8A
p2,wt,6,8A
p3,AGGGGATCTG,3,8A
p3,CGGGGAAATC,890,8A
p3,CGGGGATCTG,582,8A
p3,CGGTGAAATC,9,8A
p3,CGTGGATCTG,3,8A
p3,wt,11,8A
p4,GGGGGCCCGG,3,8A
p4,GGTGACCCGG,3,8A
p4,GGTGGCCCAG,3,8A
p4,GGTGGCCCGG,1662,8A
p4,GGTGGCCCTG,3,8A
p4,GGTGGGCCGG,3,8A
p4,GTTGTGGCCC,3,8A
p4,TGTGGCCCGG,15,8A
p4,wt,16,8A
p5,CGCGACGCGG,3,8A
p5,CGCGAGTCGC,1,8A
p6,wt,3,8A
p7,CACATGGTTT,6,8A
p7,CACATTTTTG,1368,8A
p1,CAAAAACGAC,1,8B
p1,CACAAGACGA,1436,8B
p2,GCTAACGTAC,3,8B
p2,GCTACCGTAC,1841,8B
p2,GCTCCCGTAC,3,8B
p2,TCTACCGTAC,6,8B
p3,CGGAGAAATC,5,8B
p3,CGGGGAAATC,760,8B
p3,CGGGGATATC,1,8B
p3,CGGGGATCTG,661,8B
p3,CGGGGATCTT,3,8B
p3,CTGGGATCTG,3,8B
p4,GGGGGCCCGG,3,8B
p4,GGTGACCCGG,11,8B
p4,GGTGCCCCGG,3,8B
p4,GGTGGACCGG,3,8B
p4,GGTGGCCCGA,4,8B
p4,GGTGGCCCGG,1538,8B
p4,GGTGTCCCGG,2,8B
p7,CACATTTTTG,1433,8B
p7,wt,4,8B
p1,wt,2514,9A
p2,wt,1506,9A
p3,wt,1534,9A
p4,TGGTGGGCCC,1,9A
p4,wt,1782,9A
p6,wt,1368,9A
p7,CACATAGTTT,5,9A
p7,wt,2883,9A
p1,wt,2441,9B
p2,wt,1416,9B
p3,wt,1385,9B
p4,wt,1628,9B
p6,CACGTTGCGT,1,9B
p6,wt,1346,9B
p7,CACATGGTTT,15,9B
p7,CACATGTTTT,3,9B
p7,CCACATGTTT,2,9B
p7,wt,2688,9B
p1,CACAAACGAC,53,WT_0.25rxn
p1,CACAAGACGA,12,WT_0.25rxn
p1,CACAAGCGAC,12,WT_0.25rxn
p1,CACAATCGAC,12,WT_0.25rxn
p1,wt,2360,WT_0.25rxn
p2,GCTACCGTAC,3,WT_0.25rxn
p2,GTACGTACGG,1,WT_0.25rxn
p2,wt,1389,WT_0.25rxn
p3,CGGGGAAATC,31,WT_0.25rxn
p3,CGGGGGGAAT,3,WT_0.25rxn
p3,CTGGGAAATC,3,WT_0.25rxn
p3,wt,1372,WT_0.25rxn
p4,GGTGGCCCGG,6,WT_0.25rxn
p4,wt,1623,WT_0.25rxn
p5,CGCGACGCGG,12,WT_0.25rxn
p5,CGCGATACGC,7,WT_0.25rxn
p6,wt,1326,WT_0.25rxn
p7,CACATGGTTT,24,WT_0.25rxn
p7,CACATTTTTG,2,WT_0.25rxn
p7,CCACATGTTT,1,WT_0.25rxn
p7,wt,2662,WT_0.25rxn
p1,CACAAACGAC,70,WT
p1,CACAAGACGA,3,WT
p1,CACAAGCGAC,15,WT
p1,CACAATCGAC,3,WT
p1,CCACAACGAC,2,WT
p1,wt,2468,WT
p2,GCTACGTACG,1,WT
p2,wt,1128,WT
p3,CGGGGAAATC,35,WT
p3,wt,1209,WT
p4,GGTGGCCCGG,6,WT
p4,wt,1395,WT
p5,CGCGACGCGG,20,WT
p5,CGCGATACGC,3,WT
p6,CCACGTTGCG,2,WT
p6,CCCACTTGCG,3,WT
p6,wt,1082,WT
p7,CACATGGTTT,33,WT
p7,wt,2465,WT
